postcode,latitude,longitude
AB10 1XG,57.14416516,-2.114847768
AB10 6RN,57.13787976,-2.121486688
AB10 7JB,57.12427377,-2.127189644
AB11 5QN,57.14270109,-2.093295
AB11 6UL,57.13754663,-2.112233
AB11 8RQ,57.13597762,-2.072114784
AB12 3FJ,57.0980029,-2.077438
AB12 4NA,57.06427275,-2.130018015
AB12 5GL,57.08193792,-2.246567389
AB12 9SP,57.14870708,-2.097806027
AB14 0TQ,57.10155692,-2.268485752
AB15 5HB,57.147428,-2.1472662
AB15 6NA,57.151797,-2.185398
AB15 8UF,57.15400596,-2.22440188
AB15 9SE,57.11864762,-2.174250607
AB16 5ST,57.16346588,-2.15933343
AB16 6SZ,57.15875117,-2.165214861
AB16 7NX,57.1684384,-2.161636
AB21 0AL,57.26342,-2.158605
AB21 0TF,57.221883,-2.273318
AB21 0TG,57.19169523,-2.287688298
AB21 0TH,57.19400333,-2.27997868
AB21 0TJ,57.2019023,-2.278664796
AB21 0TL,57.197769,-2.278898
AB21 0TN,57.18741832,-2.276140172
AB21 0TP,57.18699492,-2.288644382
AB21 0TQ,57.182373,-2.294581507
AB21 0TR,57.178136,-2.300716
AB21 0TS,57.1846082,-2.303068
AB21 0TT,57.19090046,-2.257899
AB21 0TU,57.196678,-2.242318
AB21 0TW,57.20754433,-2.286321875
AB21 0TX,57.19791491,-2.2657596
AB21 0TY,57.19961469,-2.264811934
AB21 0TZ,57.18946005,-2.274964162
AB21 0UA,57.26378399,-2.187685168
AB21 0UB,57.21548974,-2.195006101
AB21 0UD,57.27307547,-2.185527002
AB21 0UE,57.2632708,-2.155969
AB21 0UF,57.2670021,-2.173641764
AB21 0UG,57.24394718,-2.184154
AB21 0UL,57.271847,-2.170829
AB21 0UN,57.28477643,-2.155130503
AB21 0UP,57.28412848,-2.169923947
AB21 0UQ,57.2662304,-2.179440986
AB21 0UR,57.261788,-2.182536
AB21 0US,57.25040342,-2.17885021
AB21 0UT,57.23788008,-2.179684101
AB21 0UU,57.26319941,-2.188146382
AB21 0UW,57.2630805,-2.183520461
AB21 0UX,57.31018894,-2.258685064
AB21 0UY,57.26416285,-2.186626062
AB21 0UZ,57.2632368,-2.187168456
AB21 0WA,57.20619042,-2.289141902
AB21 0WB,57.2649617,-2.187044583
AB21 0WF,57.264052,-2.182315
AB21 0WG,57.26563892,-2.184677176
AB21 0WH,57.20285428,-2.286732425
AB21 0WJ,57.26704519,-2.193322387
AB21 0WL,57.26606643,-2.193085139
AB21 0WN,57.26636987,-2.194048
AB21 0WP,57.26665102,-2.192623968
AB21 0WQ,57.26777407,-2.192497195
AB21 0WW,57.26694751,-2.186640165
AB21 0WZ,57.27040715,-2.191781366
AB21 0XA,57.20344411,-2.284121864
AB21 0XB,57.20408923,-2.284855102
AB21 0XD,57.20339966,-2.287862156
AB21 0XF,57.26262988,-2.184529474
AB21 0XG,57.26350079,-2.184815667
AB21 0XN,57.20236625,-2.2836
AB21 0XP,57.20167577,-2.283545546
AB21 0XQ,57.20749692,-2.287414027
AB21 0XR,57.20803691,-2.286971281
AB21 0XS,57.20759747,-2.286653354
AB21 0XT,57.20713613,-2.288056794
AB21 0XU,57.20690977,-2.288833023
AB21 0XW,57.20592318,-2.288163207
AB21 0XX,57.20522416,-2.287446008
AB21 0XY,57.23748289,-2.262399767
AB21 0XZ,57.26329729,-2.182692626
AB21 0YA,57.23766981,-2.267470542
AB21 0YB,57.23689375,-2.264897115
AB21 0YD,57.240101,-2.277313
AB21 0YE,57.23582968,-2.2668277
AB21 0YF,57.23726236,-2.264750661
AB21 0YG,57.23768231,-2.26581395
AB21 0YL,57.238205,-2.285599
AB21 0YN,57.20232456,-2.286612458
AB21 0YP,57.20239098,-2.285057176
AB21 0YQ,57.248493,-2.263539
AB21 0YR,57.2543685,-2.267028
AB21 0YS,57.258119,-2.282123
AB21 0YT,57.26366187,-2.273710214
AB21 0YX,57.2746572,-2.277672388
AB21 0ZR,57.20511732,-2.294777824
AB21 0ZS,57.204815,-2.2931521
AB21 0ZT,57.20425179,-2.292073
AB21 7AA,57.20958,-2.188584334
AB21 7AB,57.21153045,-2.187684408
AB21 7AD,57.20968008,-2.187608788
AB21 7AE,57.211316,-2.186806
AB21 7AF,57.212604,-2.190223
AB21 7AG,57.21200391,-2.189441674
AB21 7AH,57.215315,-2.185419
AB21 7AJ,57.21971108,-2.183520076
AB21 7AL,57.22016593,-2.173189563
AB21 7AN,57.20842543,-2.166413709
AB21 7AP,57.20679632,-2.15488552
AB21 7AQ,57.21578241,-2.144724135
AB21 7AR,57.20735097,-2.133451472
AB21 7AS,57.23214286,-2.142485884
AB21 7AT,57.22258065,-2.153809121
AB21 7AU,57.20503389,-2.188942467
AB21 7AX,57.205005,-2.189803
AB21 7AY,57.20513924,-2.190747
AB21 7AZ,57.19985591,-2.185473619
AB21 7BA,57.205965,-2.190666661
AB21 7BB,57.20624257,-2.185621556
AB21 7BD,57.20585564,-2.185752
AB21 7BE,57.20683064,-2.188835787
AB21 7BG,57.20674757,-2.190308574
AB21 7BH,57.20655364,-2.187857754
AB21 7BJ,57.20678431,-2.189779068
AB21 7BL,57.20743493,-2.18721666
AB21 7BN,57.20678078,-2.186137402
AB21 7BP,57.20749998,-2.185760302
AB21 7BQ,57.20785747,-2.186987053
AB21 7BR,57.20866588,-2.187024254
AB21 7BS,57.20818533,-2.183959409
AB21 7BT,57.20791575,-2.18402428
AB21 7BU,57.20765525,-2.184022983
AB21 7BW,57.2117153,-2.190433
AB21 7BX,57.20728872,-2.182812775
AB21 7BY,57.20685533,-2.184316951
AB21 7DA,57.20962857,-2.186002767
AB21 7DB,57.21061874,-2.184617162
AB21 7DD,57.21160615,-2.185102197
AB21 7DE,57.21130918,-2.185464918
AB21 7DG,57.2093943,-2.180340081
AB21 7DH,57.21076878,-2.186422378
AB21 7DJ,57.21009485,-2.186567966
AB21 7DL,57.20859099,-2.189043433
AB21 7DN,57.20816096,-2.188279768
AB21 7DQ,57.2063245,-2.19088574
AB21 7DR,57.20441734,-2.192696593
AB21 7DS,57.20402005,-2.194018657
AB21 7DT,57.20272024,-2.192257411
AB21 7DU,57.2004928,-2.203433712
AB21 7DW,57.20090007,-2.190046748
AB21 7DX,57.20268031,-2.188980083
AB21 7DY,57.20241186,-2.188283569
AB21 7DZ,57.19605657,-2.178984224
AB21 7EA,57.197985,-2.176434
AB21 7EB,57.20237727,-2.18738964
AB21 7ED,57.20277797,-2.189741936
AB21 7EE,57.203588,-2.18850533
AB21 7EG,57.20513332,-2.194421757
AB21 7EH,57.20392158,-2.187894023
AB21 7EJ,57.2039536,-2.1904928
AB21 7EL,57.20441554,-2.187962743
AB21 7EN,57.20371641,-2.186932989
AB21 7EP,57.20535929,-2.187603395
AB21 7EQ,57.2123163,-2.190767711
AB21 7ER,57.21106901,-2.18988386
AB21 7ES,57.20983926,-2.189281582
AB21 7ET,57.21036912,-2.189367071
AB21 7EW,57.20520868,-2.186195689
AB21 7EX,57.21236412,-2.188847526
AB21 7EY,57.213773,-2.189798
AB21 7EZ,57.19799527,-2.186391
AB21 7FA,57.20434791,-2.18511548
AB21 7FB,57.20505639,-2.185913535
AB21 7FD,57.20515871,-2.18353053
AB21 7FE,57.20375475,-2.185311127
AB21 7FF,57.20313598,-2.184596316
AB21 7FG,57.20264251,-2.184196624
AB21 7FH,57.20367815,-2.18241422
AB21 7FJ,57.20346477,-2.180890432
AB21 7FL,57.20030329,-2.186667468
AB21 7FN,57.20114817,-2.186340729
AB21 7FP,57.20101304,-2.180464668
AB21 7FQ,57.20142091,-2.184140882
AB21 7FR,57.20190888,-2.182157222
AB21 7FS,57.20211066,-2.179278369
AB21 7FT,57.2029472,-2.17848797
AB21 7FU,57.20300358,-2.17673381
AB21 7FW,57.20217848,-2.175786462
AB21 7FX,57.20231106,-2.183566036
AB21 7FY,57.20128945,-2.18188936
AB21 7FZ,57.20260135,-2.175308494
AB21 7GA,57.1969444,-2.186170592
AB21 7GB,57.195444,-2.18608
AB21 7GD,57.19756962,-2.188573321
AB21 7GF,57.192815,-2.184247
AB21 7GH,57.213452,-2.187892117
AB21 7GJ,57.21249968,-2.188301888
AB21 7GL,57.20591075,-2.191231205
AB21 7GN,57.19618688,-2.18206282
AB21 7GQ,57.19872351,-2.191806332
AB21 7HF,57.21105203,-2.183179056
AB21 7HG,57.198686,-2.180387
AB21 7JJ,57.20868757,-2.178300513
AB21 7JL,57.20898166,-2.179940771
AB21 7JN,57.20742841,-2.179386947
AB21 7JP,57.20765915,-2.181341362
AB21 7JQ,57.20742524,-2.181588512
AB21 7JR,57.2071466,-2.181703013
AB21 7JS,57.2069129,-2.181801182
AB21 7JT,57.20664327,-2.181899172
AB21 7JU,57.2077684,-2.180332142
AB21 7JW,57.20824369,-2.180897284
AB21 7JX,57.20819956,-2.1803508
AB21 7JY,57.20800487,-2.178297217
AB21 7JZ,57.20859673,-2.179011886
AB21 7LA,57.21099292,-2.180579655
AB21 7LB,57.21015159,-2.178440017
AB21 7LD,57.21213578,-2.185602
AB21 7LE,57.21176269,-2.182487264
AB21 7LF,57.20342973,-2.173905553
AB21 7LG,57.2109551,-2.1818873
AB21 7LH,57.21026483,-2.180907185
AB21 7LJ,57.21035313,-2.181967108
AB21 7LL,57.21245975,-2.184957476
AB21 7LN,57.21032413,-2.1833741
AB21 7LP,57.20990264,-2.182891931
AB21 7LQ,57.209272,-2.183832
AB21 7LR,57.20890384,-2.184045758
AB21 7LS,57.20880379,-2.184889505
AB21 7LT,57.20906884,-2.181778686
AB21 7LU,57.20888863,-2.182158539
AB21 7LW,57.20477389,-2.176262271
AB21 7LX,57.21008563,-2.180591773
AB21 7LY,57.21018632,-2.179284462
AB21 7LZ,57.20943173,-2.179297353
AB21 7NA,57.20944281,-2.177824089
AB21 7NB,57.20886052,-2.176695622
AB21 7ND,57.20869801,-2.177274228
AB21 7NE,57.20905905,-2.176050968
AB21 7NF,57.20572651,-2.17595232
AB21 7NG,57.20437174,-2.176128
AB21 7NH,57.2075614,-2.174256073
AB21 7NJ,57.20852021,-2.175949077
AB21 7NP,57.20744352,-2.175050072
AB21 7NQ,57.20672308,-2.176337785
AB21 7NR,57.20738739,-2.176638915
AB21 7NS,57.20773663,-2.177418593
AB21 7NX,57.234409,-2.187884
AB21 7NY,57.227939,-2.170957
AB21 7PB,57.196572,-2.182743
AB21 7PE,57.24397199,-2.165530199
AB21 7PH,57.25003939,-2.162508131
AB21 7PP,57.260503,-2.176926
AB21 7PQ,57.25335422,-2.182030123
AB21 7PR,57.256957,-2.181219894
AB21 7PS,57.25068153,-2.191281023
AB21 7PU,57.248606,-2.175018
AB21 7PW,57.2558193,-2.172876
AB21 7PY,57.25559803,-2.195251339
AB21 7PZ,57.26069219,-2.200400651
AB21 7QQ,57.19981186,-2.190885191
AB21 7UU,57.23941856,-2.190245134
AB21 7XA,57.225777,-2.161656
AB21 7XB,57.23719184,-2.164406
AB21 7YS,57.19981186,-2.190885191
AB21 9AB,57.189905,-2.170814
AB21 9AD,57.177536,-2.170923179
AB21 9AE,57.17852307,-2.171654686
AB21 9AG,57.17780848,-2.168327
AB21 9AH,57.17933943,-2.172452428
AB21 9AJ,57.1788539,-2.172780973
AB21 9AL,57.17953523,-2.173776602
AB21 9AN,57.17830289,-2.174978245
AB21 9AP,57.177288,-2.17461
AB21 9AR,57.17849405,-2.173159718
AB21 9AS,57.17642552,-2.174919743
AB21 9AT,57.17786761,-2.177887227
AB21 9AU,57.17827773,-2.180055966
AB21 9AX,57.179997,-2.183654
AB21 9AY,57.17901827,-2.183533084
AB21 9BB,57.17977019,-2.185339771
AB21 9BD,57.17927605,-2.185386916
AB21 9BE,57.17842416,-2.184373689
AB21 9BG,57.17547777,-2.157681
AB21 9BH,57.1766626,-2.178659
AB21 9BJ,57.17630577,-2.177036209
AB21 9BL,57.1753406,-2.179843198
AB21 9BN,57.17591763,-2.178357482
AB21 9BP,57.17632981,-2.1790872
AB21 9BQ,57.17600307,-2.181417643
AB21 9BR,57.17540996,-2.181580122
AB21 9BS,57.17485431,-2.180684306
AB21 9BT,57.17460099,-2.18192346
AB21 9BU,57.17372803,-2.183027222
AB21 9BX,57.1749244,-2.181908512
AB21 9BY,57.17493932,-2.183992463
AB21 9DA,57.17384698,-2.181539371
AB21 9DB,57.17357675,-2.182050726
AB21 9DD,57.17464349,-2.183577526
AB21 9DE,57.17418288,-2.185262154
AB21 9DF,57.17446825,-2.186669356
AB21 9DG,57.17655574,-2.182264
AB21 9DH,57.17467266,-2.188142322
AB21 9DJ,57.17519768,-2.185449164
AB21 9DL,57.17540663,-2.183862476
AB21 9DN,57.17579391,-2.18316976
AB21 9DP,57.17636344,-2.18069168
AB21 9DQ,57.17709329,-2.179140517
AB21 9DR,57.17705065,-2.177535965
AB21 9DT,57.1775465,-2.169764607
AB21 9DU,57.178677,-2.170710484
AB21 9DX,57.18105185,-2.174858924
AB21 9DY,57.18217946,-2.177874891
AB21 9EA,57.18220781,-2.17688251
AB21 9EB,57.18309423,-2.179087
AB21 9ED,57.18358713,-2.179734432
AB21 9EE,57.18391907,-2.180033815
AB21 9EF,57.18246934,-2.17615591
AB21 9EG,57.18154195,-2.176531
AB21 9EH,57.18357966,-2.178675671
AB21 9EJ,57.18310477,-2.177829716
AB21 9EL,57.18344098,-2.181421057
AB21 9EN,57.184346,-2.182848
AB21 9EP,57.18457661,-2.184983378
AB21 9EQ,57.18407483,-2.184120642
AB21 9ER,57.18243035,-2.184526004
AB21 9ET,57.181302,-2.181626
AB21 9EU,57.18173326,-2.182074346
AB21 9EW,57.18359058,-2.183555783
AB21 9EX,57.18073324,-2.184070918
AB21 9EY,57.18098381,-2.184717281
AB21 9HA,57.18133895,-2.187415
AB21 9HB,57.17998167,-2.182016098
AB21 9HE,57.17976508,-2.169923662
AB21 9HH,57.17948533,-2.170369
AB21 9HJ,57.18665703,-2.181321034
AB21 9HN,57.18803294,-2.180268932
AB21 9HQ,57.183863,-2.181175
AB21 9HR,57.184196,-2.180763
AB21 9HS,57.18670953,-2.182280841
AB21 9HT,57.18565976,-2.181431946
AB21 9HU,57.18860644,-2.181247873
AB21 9HW,57.18822243,-2.179674249
AB21 9HX,57.18805643,-2.17653
AB21 9HY,57.18963254,-2.179830011
AB21 9HZ,57.18701758,-2.180462509
AB21 9JB,57.18996383,-2.180576167
AB21 9JD,57.190324,-2.179567995
AB21 9JE,57.19068017,-2.182168058
AB21 9JH,57.19089426,-2.183194956
AB21 9JJ,57.191223,-2.186158
AB21 9JL,57.19092559,-2.186322277
AB21 9JP,57.190004,-2.183986333
AB21 9JQ,57.18997006,-2.182478921
AB21 9JR,57.18968951,-2.184744
AB21 9JS,57.19185892,-2.180800528
AB21 9JT,57.19096554,-2.177007
AB21 9JU,57.19209418,-2.179610341
AB21 9JX,57.1938524,-2.181306697
AB21 9JY,57.19136462,-2.180963571
AB21 9LA,57.190951,-2.175038
AB21 9LB,57.17748483,-2.168871172
AB21 9LD,57.17704491,-2.168687227
AB21 9LE,57.17755312,-2.171501324
AB21 9LF,57.17318065,-2.156034632
AB21 9LG,57.17497928,-2.168347029
AB21 9LJ,57.17679912,-2.171084338
AB21 9LL,57.17723881,-2.171433707
AB21 9LN,57.17790107,-2.173239641
AB21 9LP,57.17647219,-2.167047215
AB21 9LQ,57.1770927,-2.166289
AB21 9LR,57.17683432,-2.164931789
AB21 9LS,57.1764492,-2.164053484
AB21 9LT,57.17529817,-2.164974553
AB21 9LU,57.176151,-2.164863
AB21 9LW,57.17498494,-2.164080065
AB21 9LX,57.175291,-2.163056
AB21 9LZ,57.17920705,-2.177198966
AB21 9NA,57.1755707,-2.162643772
AB21 9NB,57.173947,-2.160685
AB21 9ND,57.17367479,-2.155970565
AB21 9NL,57.17362402,-2.153308
AB21 9NN,57.17343843,-2.150925469
AB21 9NP,57.176529,-2.157653
AB21 9NS,57.17568158,-2.153068162
AB21 9NT,57.178448,-2.160026
AB21 9NU,57.17916414,-2.169242736
AB21 9NX,57.178122,-2.162324
AB21 9NY,57.1761219,-2.15995
AB21 9PA,57.17932894,-2.166927798
AB21 9PB,57.17848224,-2.168644164
AB21 9PD,57.17505314,-2.173474379
AB21 9PE,57.17818503,-2.169221714
AB23 8AA,57.18505346,-2.096247971
AB23 8AB,57.24952836,-2.060272722
AB23 8AD,57.25176506,-2.060326108
AB23 8AE,57.19078145,-2.100250435
AB23 8AG,57.19305559,-2.098419919
AB23 8AH,57.19080053,-2.098844096
AB23 8AJ,57.18657847,-2.086821934
AB23 8AP,57.19940599,-2.09909884
AB23 8AR,57.21793017,-2.070536553
AB23 8AT,57.17971735,-2.084093104
AB23 8AU,57.19140437,-2.096297623
AB23 8AW,57.19232979,-2.096068387
AB23 8AX,57.19496195,-2.083317017
AB23 8AZ,57.19619105,-2.085636538
AB23 8BA,57.19037631,-2.089593981
AB23 8BB,57.1925496,-2.090410039
AB23 8BD,57.201021,-2.089372
AB23 8BE,57.21730063,-2.071826843
AB23 8BJ,57.20550303,-2.102061535
AB23 8BL,57.18608375,-2.088078
AB23 8BN,57.20459423,-2.092458896
AB23 8BP,57.20563152,-2.086502631
AB23 8BQ,57.21267911,-2.078969833
AB23 8BR,57.21404236,-2.082317099
AB23 8BS,57.21692538,-2.08292
AB23 8BT,57.21927675,-2.072261
AB23 8BU,57.18647682,-2.090825303
AB23 8BW,57.188786,-2.090268196
AB23 8BX,57.17813228,-2.089944691
AB23 8BY,57.18282892,-2.092074
AB23 8BZ,57.19293104,-2.096864195
AB23 8DA,57.18104636,-2.084790871
AB23 8DB,57.18012778,-2.088146583
AB23 8DD,57.17812473,-2.087926779
AB23 8DF,57.18224794,-2.099863344
AB23 8DJ,57.17817016,-2.087182582
AB23 8DL,57.17729749,-2.088868
AB23 8DN,57.17691149,-2.08868471
AB23 8DP,57.17732609,-2.086717476
AB23 8DQ,57.17715504,-2.087246344
AB23 8DR,57.17646498,-2.084879584
AB23 8DS,57.17676122,-2.085177976
AB23 8DT,57.17638233,-2.087509147
AB23 8DU,57.180461,-2.086361
AB23 8DX,57.17653397,-2.089014591
AB23 8EA,57.1768928,-2.089710117
AB23 8EB,57.17696402,-2.090603428
AB23 8ED,57.17804198,-2.090589533
AB23 8EE,57.18649969,-2.096284829
AB23 8EF,57.18937631,-2.09354584
AB23 8EG,57.187094,-2.093507
AB23 8EH,57.19052566,-2.105445074
AB23 8EJ,57.17822956,-2.092045527
AB23 8EL,57.1778058,-2.094145046
AB23 8EN,57.17787712,-2.094872987
AB23 8EP,57.17914449,-2.093850729
AB23 8EQ,57.17928867,-2.093239092
AB23 8ER,57.17855296,-2.092029793
AB23 8ES,57.17917265,-2.092213284
AB23 8ET,57.17921852,-2.090906691
AB23 8EU,57.189091,-2.101404
AB23 8EW,57.18735341,-2.096601
AB23 8EX,57.18306227,-2.092222999
AB23 8EY,57.188546,-2.098507
AB23 8EZ,57.18602653,-2.092379297
AB23 8FB,57.18311012,-2.088153705
AB23 8FD,57.18302774,-2.090304006
AB23 8FE,57.184927,-2.096942
AB23 8FF,57.19170872,-2.097688296
AB23 8FG,57.18201372,-2.088829302
AB23 8FP,57.17798905,-2.08924966
AB23 8FT,57.19704018,-2.103179982
AB23 8FW,57.19621416,-2.102681227
AB23 8FX,57.1973465,-2.102088624
AB23 8FY,57.1787349,-2.088871034
AB23 8GA,57.18977325,-2.102845311
AB23 8GD,57.19096443,-2.08296
AB23 8GE,57.19753359,-2.103975703
AB23 8GH,57.19272527,-2.106874367
AB23 8GL,57.19881854,-2.103499392
AB23 8GN,57.19914932,-2.105403512
AB23 8GP,57.199924,-2.102724949
AB23 8GQ,57.20004792,-2.105041981
AB23 8GS,57.1950914,-2.102545722
AB23 8GT,57.19812038,-2.100419312
AB23 8GW,57.19156025,-2.078941163
AB23 8GX,57.187569,-2.083201
AB23 8HA,57.17961283,-2.092197842
AB23 8HD,57.18082399,-2.09426853
AB23 8HE,57.19011714,-2.099702631
AB23 8HG,57.187025,-2.102192
AB23 8HJ,57.18049127,-2.094730833
AB23 8HL,57.18044583,-2.095425445
AB23 8HN,57.24553459,-2.052246163
AB23 8HP,57.18102754,-2.098238987
AB23 8HQ,57.18030148,-2.096235585
AB23 8HR,57.18028186,-2.098369331
AB23 8HS,57.1799761,-2.098798581
AB23 8HT,57.17910602,-2.09717528
AB23 8HU,57.24536342,-2.053538
AB23 8HW,57.24484207,-2.054217004
AB23 8HX,57.17830682,-2.096809293
AB23 8HY,57.24469758,-2.056089
AB23 8HZ,57.18994948,-2.084696
AB23 8JA,57.17878397,-2.095437691
AB23 8JB,57.17942946,-2.097109969
AB23 8JD,57.17951073,-2.096564338
AB23 8JJ,57.17980748,-2.096151593
AB23 8JL,57.17863169,-2.094874926
AB23 8JN,57.17716909,-2.09270447
AB23 8JP,57.17745643,-2.09285405
AB23 8JQ,57.17722048,-2.096029079
AB23 8JR,57.17785776,-2.096692336
AB23 8JS,57.19745879,-2.096098
AB23 8JW,57.19668875,-2.093117571
AB23 8JX,57.19597631,-2.096789447
AB23 8JZ,57.18926771,-2.094620996
AB23 8LA,57.19948565,-2.100588523
AB23 8LB,57.20066251,-2.10047588
AB23 8LD,57.20024872,-2.101186403
AB23 8LE,57.24928594,-2.060023745
AB23 8LH,57.19458301,-2.098010305
AB23 8LU,57.19407285,-2.095593055
AB23 8LZ,57.17654976,-2.0920248
AB23 8NA,57.19863831,-2.114487606
AB23 8NB,57.19558709,-2.100544802
AB23 8ND,57.19504884,-2.099633214
AB23 8NE,57.19471926,-2.09605806
AB23 8NF,57.19531192,-2.096340915
AB23 8NG,57.1955077,-2.098707772
AB23 8NH,57.19499649,-2.097663903
AB23 8NJ,57.19442049,-2.099052359
AB23 8NL,57.19218444,-2.0981694
AB23 8NN,57.207088,-2.108257
AB23 8NP,57.21056,-2.113283
AB23 8NQ,57.21925783,-2.110362295
AB23 8NR,57.21750793,-2.09976
AB23 8NS,57.21218778,-2.100258943
AB23 8NT,57.20874187,-2.095746945
AB23 8NU,57.19347985,-2.095756988
AB23 8PA,57.18154989,-2.096404
AB23 8PB,57.18281027,-2.092867515
AB23 8PD,57.18236971,-2.093395751
AB23 8PJ,57.18306,-2.095250236
AB23 8PL,57.18384359,-2.092489633
AB23 8PN,57.18355477,-2.094325131
AB23 8PP,57.18251116,-2.096406764
AB23 8PQ,57.18202724,-2.094883651
AB23 8PR,57.18297089,-2.094307097
AB23 8PS,57.18166657,-2.096652685
AB23 8PT,57.18270853,-2.096738123
AB23 8PW,57.24959946,-2.061830616
AB23 8PX,57.18226633,-2.099334051
AB23 8QA,57.18496917,-2.10063169
AB23 8QB,57.18341638,-2.099039381
AB23 8QD,57.18496772,-2.102418347
AB23 8QE,57.18550773,-2.101146003
AB23 8QF,57.19419456,-2.100756124
AB23 8QG,57.194239,-2.101351948
AB23 8QH,57.19180388,-2.102255304
AB23 8QJ,57.18367603,-2.100115345
AB23 8QL,57.18445856,-2.098843661
AB23 8QN,57.18449291,-2.100828907
AB23 8QP,57.19279215,-2.102076029
AB23 8QQ,57.19244272,-2.100966447
AB23 8QS,57.19113,-2.102451989
AB23 8QT,57.18367952,-2.095648856
AB23 8QU,57.19283014,-2.099527945
AB23 8QW,57.19310615,-2.102573301
AB23 8QX,57.18404691,-2.096840886
AB23 8RA,57.18458471,-2.098347709
AB23 8RB,57.18620887,-2.100685
AB23 8RD,57.246539,-2.086582
AB23 8RG,57.19849052,-2.098103429
AB23 8RH,57.19915673,-2.096202007
AB23 8RJ,57.20061181,-2.096404403
AB23 8RL,57.20109657,-2.096819429
AB23 8RN,57.19659385,-2.099703579
AB23 8RP,57.2001989,-2.096006125
AB23 8SA,57.25901721,-2.086131
AB23 8SB,57.24853333,-2.087249696
AB23 8SD,57.24874823,-2.088244509
AB23 8SH,57.25419,-2.061673
AB23 8SJ,57.24651128,-2.057948
AB23 8SL,57.22962339,-2.100538247
AB23 8SP,57.25337241,-2.061522059
AB23 8SQ,57.246394,-2.058626889
AB23 8SR,57.2453334,-2.060182996
AB23 8SS,57.25280619,-2.061654
AB23 8ST,57.24593527,-2.06015084
AB23 8SU,57.24563087,-2.05797963
AB23 8SW,57.24534285,-2.05920537
AB23 8SX,57.24698979,-2.052314515
AB23 8SY,57.25218117,-2.053979233
AB23 8TP,57.24801008,-2.060618233
AB23 8TR,57.249905,-2.060090826
AB23 8TS,57.25323006,-2.058671139
AB23 8TW,57.24620376,-2.062172889
AB23 8UA,57.22927954,-2.092106745
AB23 8UB,57.23003301,-2.093582765
AB23 8UD,57.23069051,-2.103241
AB23 8UE,57.22792231,-2.093196471
AB23 8UF,57.22548718,-2.081415234
AB23 8UG,57.23014594,-2.098601756
AB23 8UH,57.260039,-2.111545
AB23 8UJ,57.25583391,-2.102416463
AB23 8UL,57.26201,-2.09567
AB23 8UN,57.25393165,-2.129310866
AB23 8UP,57.24245592,-2.115617828
AB23 8UQ,57.24538468,-2.105022077
AB23 8UR,57.23754333,-2.104171395
AB23 8US,57.23391449,-2.113819
AB23 8UT,57.22499376,-2.11498344
AB23 8UU,57.239532,-2.12926
AB23 8UW,57.22879391,-2.092850856
AB23 8UX,57.245516,-2.128105
AB23 8UY,57.23016106,-2.102146362
AB23 8UZ,57.22331834,-2.09934527
AB23 8WA,57.24974522,-2.057555242
AB23 8WB,57.25022967,-2.058898364
AB23 8WD,57.2487679,-2.053477067
AB23 8WE,57.2486336,-2.052432857
AB23 8WF,57.24813027,-2.052995
AB23 8WG,57.24803078,-2.054702278
AB23 8WH,57.24848955,-2.053194945
AB23 8WJ,57.24809937,-2.061728666
AB23 8WL,57.24704315,-2.053573984
AB23 8WS,57.24951242,-2.087136
AB23 8WT,57.25276408,-2.087508326
AB23 8WU,57.25307162,-2.051262461
AB23 8WY,57.246925,-2.055347
AB23 8WZ,57.24669282,-2.053556902
AB23 8XA,57.25343486,-2.140214708
AB23 8XB,57.255322,-2.130642
AB23 8XD,57.25895223,-2.138511766
AB23 8XE,57.26770553,-2.142955028
AB23 8XF,57.25135207,-2.05986139
AB23 8XG,57.25365361,-2.055705083
AB23 8XH,57.27681,-2.13843
AB23 8XJ,57.281349,-2.151948
AB23 8XL,57.281836,-2.134617
AB23 8XN,57.27981138,-2.120130367
AB23 8XP,57.27752768,-2.102178317
AB23 8XQ,57.2708276,-2.130083204
AB23 8XR,57.25052511,-2.061782
AB23 8XS,57.24674122,-2.065156545
AB23 8XU,57.254812,-2.055408
AB23 8XW,57.25146966,-2.058137995
AB23 8XX,57.25934083,-2.053243811
AB23 8XY,57.26415382,-2.057345711
AB23 8XZ,57.25083981,-2.060374308
AB23 8YA,57.26695907,-2.069901072
AB23 8YB,57.268001,-2.051565
AB23 8YD,57.2767318,-2.052771504
AB23 8YE,57.27503918,-2.038739408
AB23 8YF,57.25026663,-2.056677722
AB23 8YG,57.24883769,-2.088758448
AB23 8YH,57.28447304,-2.032047926
AB23 8YJ,57.27881919,-2.064732453
AB23 8YL,57.274968,-2.090181
AB23 8YN,57.26087747,-2.084792384
AB23 8YP,57.26390705,-2.081234982
AB23 8YQ,57.25259071,-2.061918514
AB23 8YR,57.257184,-2.071986986
AB23 8YS,57.25842479,-2.085333743
AB23 8YT,57.25072472,-2.087868076
AB23 8YU,57.24796429,-2.09162319
AB23 8YW,57.25065366,-2.054954771
AB23 8YX,57.235399,-2.089505
AB23 8YY,57.2374526,-2.06576963
AB23 8YZ,57.25015044,-2.055368327
AB23 8ZA,57.23221928,-2.1007441
AB23 8ZB,57.23099781,-2.100492305
AB23 8ZD,57.23205985,-2.097894614
AB23 8ZE,57.233774,-2.099903534
AB23 8ZF,57.23455399,-2.101794099
AB23 8ZG,57.229909,-2.090999
AB23 8ZH,57.23039684,-2.087322688
AB23 8ZJ,57.23061893,-2.090818133
AB23 8ZL,57.23086356,-2.08788696
AB23 8ZN,57.2298382,-2.089739598
AB23 8ZP,57.25057295,-2.086525338
AB23 8ZQ,57.24976475,-2.054058544
AB23 8ZR,57.24810122,-2.057867526
AB23 8ZS,57.24892798,-2.057123096
AB23 8ZT,57.24724765,-2.058280458
AB23 8ZU,57.24782272,-2.057916801
AB23 8ZW,57.24692341,-2.060086173
AB23 8ZX,57.2487382,-2.059575415
AB24 1AW,57.166527,-2.088164
AB24 1FR,57.16482,-2.089251
AB24 1GU,57.16474677,-2.091135623
AB24 1RF,57.16470332,-2.08910182
AB24 1RG,57.16469519,-2.08789481
AB24 1RN,57.16884221,-2.103713057
AB24 1RP,57.16799886,-2.10243745
AB24 1RQ,57.16942,-2.100175928
AB24 1RZ,57.16538687,-2.087912991
AB24 1SA,57.16787761,-2.096765427
AB24 1SB,57.16891102,-2.09628859
AB24 1SD,57.17027702,-2.095531467
AB24 1SE,57.16915361,-2.096223078
AB24 1SG,57.16906484,-2.094833818
AB24 1SH,57.16934349,-2.094603027
AB24 1SJ,57.17075422,-2.094077462
AB24 1SL,57.16964,-2.094455
AB24 1SN,57.167689,-2.096318
AB24 1SX,57.16464541,-2.094574463
AB24 1SY,57.16505961,-2.093269315
AB24 1SZ,57.16472955,-2.090276
AB24 1TA,57.16525853,-2.091517175
AB24 1TB,57.16570001,-2.089699468
AB24 1TD,57.16557282,-2.091666765
AB24 1TE,57.16507608,-2.09525347
AB24 1TF,57.1666967,-2.090280613
AB24 1TG,57.16735204,-2.09086095
AB24 1TH,57.16574106,-2.094941028
AB24 1TJ,57.16590344,-2.09403204
AB24 1TL,57.16630179,-2.08942
AB24 1TN,57.16677678,-2.091339051
AB24 1TP,57.16746793,-2.092084851
AB24 1TQ,57.16877966,-2.091790474
AB24 1TR,57.1689499,-2.092386194
AB24 1TS,57.16750341,-2.092696748
AB24 1TT,57.166892,-2.093455828
AB24 1TU,57.16639031,-2.091619189
AB24 1TW,57.16591369,-2.092328996
AB24 1TX,57.16699831,-2.095423778
AB24 1TY,57.16659415,-2.095323524
AB24 1TZ,57.167918,-2.090812736
AB24 1UA,57.16901778,-2.097628288
AB24 1UF,57.16875621,-2.098768
AB24 1UG,57.16474677,-2.091268
AB24 1UH,57.16798177,-2.10136259
AB24 1UJ,57.16943926,-2.09855543
AB24 1UL,57.16937687,-2.097926888
AB24 1UN,57.16944931,-2.09718295
AB24 1UP,57.168589,-2.094501879
AB24 1UQ,57.16851819,-2.093096154
AB24 1UR,57.16842942,-2.091657318
AB24 1US,57.16811495,-2.091739216
AB24 1UT,57.16815908,-2.093145
AB24 1UU,57.1679372,-2.100932544
AB24 1UW,57.17087866,-2.09581415
AB24 1UX,57.16827458,-2.094799
AB24 1UY,57.17011424,-2.096936651
AB24 1UZ,57.17052822,-2.095615
AB24 1WA,57.16669806,-2.088379091
AB24 1WB,57.168736,-2.090203181
AB24 1WD,57.16884369,-2.090203181
AB24 1WE,57.16810766,-2.089407673
AB24 1WF,57.167991,-2.089407673
AB24 1WG,57.16728166,-2.088793869
AB24 1WH,57.167416,-2.088959
AB24 1WS,57.17333145,-2.095241684
AB24 1WT,57.172568,-2.094843205
AB24 1WU,57.175265,-2.103417
AB24 1XA,57.16902115,-2.093213174
AB24 1XB,57.16752076,-2.09352356
AB24 1XD,57.1677984,-2.094632141
AB24 1XE,57.1700265,-2.0942079
AB24 1XF,57.17130229,-2.093930024
AB24 1XG,57.17187766,-2.093319607
AB24 1XH,57.16952445,-2.092867182
AB24 1XJ,57.16906756,-2.091179355
AB24 1XL,57.167382,-2.086479
AB24 1XN,57.17373858,-2.091356269
AB24 1XP,57.17741512,-2.099850277
AB24 1XQ,57.17131005,-2.095550676
AB24 1XR,57.175539,-2.098174771
AB24 1XS,57.17460425,-2.098833828
AB24 1XT,57.17253387,-2.092709373
AB24 1XU,57.17222923,-2.09165021
AB24 1XW,57.16595932,-2.091353565
AB24 1XX,57.16602447,-2.088857
AB24 1XZ,57.17346744,-2.093439
AB24 1YA,57.17118617,-2.093053267
AB24 1ZS,57.16472955,-2.090110465
AB24 2AA,57.16630644,-2.116834597
AB24 2AB,57.16678107,-2.118390391
AB24 2AE,57.16769519,-2.120642141
AB24 2AH,57.1683316,-2.122066291
AB24 2AS,57.16936469,-2.122020094
AB24 2AX,57.17033362,-2.123280077
AB24 2BA,57.17093326,-2.125994
AB24 2BD,57.17102999,-2.127582005
AB24 2BE,57.16701527,-2.1177132
AB24 2BG,57.17311631,-2.142159077
AB24 2BH,57.17171279,-2.127485138
AB24 2BL,57.17239409,-2.128860105
AB24 2BP,57.173159,-2.143945825
AB24 2BQ,57.17236831,-2.144273007
AB24 2BR,57.17300289,-2.147616
AB24 2BT,57.17225524,-2.141014679
AB24 2BX,57.17228715,-2.137145
AB24 2DB,57.17186918,-2.13259571
AB24 2DD,57.17155709,-2.130395145
AB24 2DU,57.172375,-2.138171
AB24 2DY,57.17206391,-2.135308543
AB24 2EE,57.17131646,-2.128542144
AB24 2EH,57.170788,-2.127151892
AB24 2EU,57.17055611,-2.125380984
AB24 2EW,57.17042003,-2.126703456
AB24 2FF,57.17121739,-2.109937645
AB24 2GE,57.17293776,-2.14118266
AB24 2GF,57.17293081,-2.139363476
AB24 2GG,57.17260587,-2.132515664
AB24 2GH,57.17282654,-2.13615476
AB24 2PT,57.16717763,-2.117002703
AB24 2PX,57.16681127,-2.11490159
AB24 2QA,57.1680659,-2.118113401
AB24 2QB,57.16887289,-2.119670362
AB24 2QD,57.16956423,-2.120036398
AB24 2QE,57.16838815,-2.119321541
AB24 2QF,57.16758917,-2.118789829
AB24 2QH,57.16922497,-2.117835991
AB24 2QJ,57.16806765,-2.116244881
AB24 2QL,57.16822808,-2.117601313
AB24 2QN,57.16910564,-2.120514456
AB24 2QP,57.169698,-2.120979846
AB24 2QQ,57.17004777,-2.12164201
AB24 2QS,57.170905,-2.117262073
AB24 2QT,57.16976537,-2.116316367
AB24 2QU,57.16830657,-2.120081921
AB24 2QX,57.17078067,-2.11607151
AB24 2QY,57.16957189,-2.121408936
AB24 2RA,57.17008,-2.115557
AB24 2RB,57.16940721,-2.115058487
AB24 2RD,57.1698032,-2.114249437
AB24 2RE,57.16929812,-2.116463722
AB24 2RF,57.17002452,-2.117772394
AB24 2RG,57.17450938,-2.115239759
AB24 2RJ,57.17116777,-2.115179727
AB24 2RL,57.17133537,-2.118471128
AB24 2RN,57.17229032,-2.115696
AB24 2RP,57.17145477,-2.125020216
AB24 2RQ,57.17184961,-2.125716
AB24 2RR,57.17097235,-2.122323066
AB24 2RS,57.17064029,-2.122007769
AB24 2RT,57.17214824,-2.12321998
AB24 2RU,57.17190202,-2.126906984
AB24 2RW,57.1714817,-2.115693357
AB24 2RX,57.1723002,-2.123981212
AB24 2RZ,57.171184,-2.125929265
AB24 2SA,57.17336842,-2.124745543
AB24 2SB,57.17344994,-2.124067759
AB24 2SD,57.17376555,-2.122844995
AB24 2SE,57.17142002,-2.123829426
AB24 2SF,57.17107947,-2.123017973
AB24 2SG,57.17276643,-2.124363
AB24 2SH,57.17256833,-2.125354735
AB24 2SJ,57.17238322,-2.121765459
AB24 2SL,57.17518243,-2.115969565
AB24 2SN,57.17464449,-2.114843255
AB24 2SP,57.16713919,-2.109859373
AB24 2SQ,57.16803795,-2.109332905
AB24 2SR,57.16855135,-2.107746984
AB24 2SS,57.16861226,-2.110012575
AB24 2SU,57.16689595,-2.110652334
AB24 2SW,57.16784961,-2.108985102
AB24 2SX,57.16921227,-2.112097913
AB24 2SY,57.16835,-2.111698
AB24 2SZ,57.16816218,-2.111069517
AB24 2TA,57.16908706,-2.111485699
AB24 2TB,57.16931168,-2.111436768
AB24 2TD,57.16876634,-2.10844212
AB24 2TE,57.16922492,-2.107930846
AB24 2TF,57.16944859,-2.108973282
AB24 2TG,57.17049687,-2.110977
AB24 2TH,57.16840475,-2.111037174
AB24 2TJ,57.17127701,-2.113592511
AB24 2TL,57.16952517,-2.113769025
AB24 2TN,57.16976422,-2.106924
AB24 2TP,57.17199911,-2.109708448
AB24 2TR,57.17142689,-2.116668876
AB24 2TS,57.17101776,-2.112202612
AB24 2TT,57.17152802,-2.114155546
AB24 2TU,57.17076618,-2.112267995
AB24 2TY,57.16782502,-2.106240135
AB24 2TZ,57.16782502,-2.106240135
AB24 2UA,57.17137731,-2.112138
AB24 2UB,57.17258516,-2.126479351
AB24 2UD,57.17215883,-2.111941477
AB24 2UE,57.1723919,-2.112487922
AB24 2UF,57.17111776,-2.11086342
AB24 2UG,57.1717376,-2.1107
AB24 2UH,57.1731781,-2.126415229
AB24 2UJ,57.17296794,-2.12988745
AB24 2UL,57.1731806,-2.132683103
AB24 2UN,57.174015,-2.133215
AB24 2UU,57.16761292,-2.112522983
AB24 2UW,57.17337684,-2.133990309
AB24 2UX,57.17225612,-2.113628596
AB24 2UY,57.17168896,-2.115777
AB24 2WB,57.172386,-2.130851
AB24 2XB,57.17103793,-2.119528539
AB24 2XD,57.171676,-2.119232933
AB24 2XE,57.17205178,-2.120805198
AB24 2XF,57.17196398,-2.136333494
AB24 2XH,57.17208002,-2.11946576
AB24 2XJ,57.17255565,-2.119946889
AB24 2XL,57.17256546,-2.119086964
AB24 2XN,57.17345306,-2.120875931
AB24 2XP,57.17409093,-2.120795326
AB24 2XR,57.17407191,-2.121886791
AB24 2XS,57.17455697,-2.12190493
AB24 2XT,57.17444256,-2.119440321
AB24 2XU,57.17444256,-2.119440321
AB24 2XX,57.17402067,-2.11912473
AB24 2XY,57.17402067,-2.11912473
AB24 2YA,57.1736347,-2.118809262
AB24 2YB,57.1736347,-2.118809262
AB24 2YD,57.17381522,-2.117900242
AB24 2YE,57.17381522,-2.117900242
AB24 2YH,57.17395089,-2.11690838
AB24 2YJ,57.17395089,-2.11690838
AB24 2YL,57.17428363,-2.116512511
AB24 2YN,57.17412747,-2.120166989
AB24 2YP,57.1751525,-2.119144917
AB24 2YQ,57.17470529,-2.117092691
AB24 2YR,57.17447258,-2.116182337
AB24 2YS,57.17352068,-2.115865122
AB24 2YT,57.17302751,-2.114887843
AB24 2YU,57.17341402,-2.114624437
AB24 2YX,57.17485496,-2.120301664
AB24 3BQ,57.157584,-2.095234438
AB24 3BR,57.15903925,-2.095585073
AB24 3BS,57.15984757,-2.095785547
AB24 3BT,57.16189476,-2.096997753
AB24 3BX,57.160925,-2.096730288
AB24 3BY,57.1583477,-2.09540144
AB24 3BZ,57.15846377,-2.096327494
AB24 3DA,57.16081594,-2.09810259
AB24 3DB,57.16067088,-2.099788501
AB24 3DD,57.16095839,-2.099723148
AB24 3DE,57.16088045,-2.096003146
AB24 3DF,57.1616887,-2.096286303
AB24 3DG,57.1623691,-2.099247495
AB24 3DH,57.16160556,-2.099228912
AB24 3DJ,57.161237,-2.099525
AB24 3DL,57.16114817,-2.09828533
AB24 3DN,57.16121177,-2.097359676
AB24 3DP,57.16175052,-2.097658686
AB24 3DQ,57.16255908,-2.097545091
AB24 3DR,57.16280027,-2.099265187
AB24 3DS,57.16267262,-2.101612559
AB24 3DT,57.16217917,-2.100850685
AB24 3DU,57.16186442,-2.10127968
AB24 3DX,57.16199887,-2.101643773
AB24 3DY,57.16392956,-2.102277
AB24 3DZ,57.16708331,-2.101807
AB24 3EA,57.16508835,-2.102462451
AB24 3EB,57.16492732,-2.101651828
AB24 3ED,57.16578886,-2.102662808
AB24 3EE,57.164567,-2.102279455
AB24 3EF,57.16606656,-2.103606059
AB24 3EG,57.16539372,-2.102347
AB24 3EH,57.16569926,-2.102381472
AB24 3EJ,57.16648975,-2.102400197
AB24 3EN,57.16669628,-2.102499979
AB24 3ER,57.155525,-2.097659
AB24 3ET,57.15581963,-2.100320899
AB24 3EU,57.16545623,-2.102976039
AB24 3EW,57.1657621,-2.10243125
AB24 3EX,57.15660881,-2.101959561
AB24 3EY,57.16588817,-2.102051302
AB24 3EZ,57.16625642,-2.101788
AB24 3FX,57.16501918,-2.099122339
AB24 3HA,57.15725424,-2.10359789
AB24 3HB,57.15697705,-2.10204323
AB24 3HD,57.1562507,-2.100470842
AB24 3HE,57.16672355,-2.102103214
AB24 3HF,57.16632862,-2.101705287
AB24 3HG,57.1552892,-2.100864947
AB24 3HH,57.15475126,-2.099557635
AB24 3HJ,57.15547006,-2.099361211
AB24 3HL,57.1561978,-2.099214394
AB24 3HN,57.16198202,-2.100254963
AB24 3HP,57.15670932,-2.099860459
AB24 3HR,57.15839097,-2.097534089